site,run,strategy,main_dns_ms,total_dns_sum_ms,page_load_ms,unique_domains_resolved
google.com,1,vanilla,0.0,11.327,694.1999998092651,3
google.com,2,vanilla,0.0,11.366,776.7999997138977,3
microsoft.com,1,vanilla,9.644,482.4979999999999,3196.300000190735,36
microsoft.com,2,vanilla,9.594,544.545,2580.9000000953674,39
twitter.com,1,vanilla,9.517,95.85600000000001,4658.200000286102,8
twitter.com,2,vanilla,9.559,78.401,4513.39999961853,8
reddit.com,1,vanilla,9.673,9.673,119.19999980926514,1
reddit.com,2,vanilla,9.424,9.424,113.40000009536743,1
facebook.com,1,vanilla,30.917,96.751,798.5,4
facebook.com,2,vanilla,18.391,51.1,1015.1999998092651,3
wikipedia.org,1,vanilla,12.225,12.225,1980,1
wikipedia.org,2,vanilla,13.009,13.009,2041.0999999046326,1
cloudflare.com,1,vanilla,13.18,462.009,3732.5999999046326,39
cloudflare.com,2,vanilla,13.16,506.58000000000004,4445.699999809265,39
apple.com,1,vanilla,9.889,37.848,2831.7999997138977,3
apple.com,2,vanilla,9.012,40.46,976.0999999046326,3
youtube.com,1,vanilla,0.012,122.356,2592.4000000953674,9
youtube.com,2,vanilla,0.01,100.36200000000002,2485.199999809265,9
amazon.com,1,vanilla,9.307,232.04,1086.5999999046326,15
amazon.com,2,vanilla,9.033,460.47800000000007,1053.0999999046326,29
