site,run,strategy,main_dns_ms,page_load_ms,unique_domains,total_dns_ms
google.com,1,vanilla,0,1351,4,0
google.com,2,vanilla,0,1213,4,7
microsoft.com,1,vanilla,0,4038,10,0
microsoft.com,2,vanilla,0,2299,10,0
twitter.com,1,vanilla,6,3122,1,6
twitter.com,2,vanilla,0,3143,1,0
reddit.com,1,vanilla,15,216,0,15
reddit.com,2,vanilla,2,179,1,2
facebook.com,1,vanilla,2,856,2,27
facebook.com,2,vanilla,3,789,2,10
wikipedia.org,1,vanilla,10,516,1,10
wikipedia.org,2,vanilla,0,502,1,0
cloudflare.com,1,vanilla,0,1094,5,0
cloudflare.com,2,vanilla,1,1020,6,1
apple.com,1,vanilla,7,683,1,7
apple.com,2,vanilla,2,992,1,2
youtube.com,1,vanilla,3,4242,0,3
youtube.com,2,vanilla,3,4224,7,11
amazon.com,1,vanilla,20,573,1,20
amazon.com,2,vanilla,3,597,1,3
