7,cloudflare.com
14,akamai.net
24,amazon.com
52,windows.net
55,ripn.net
62,msn.com
66,ntp.org
89,cloudflare-dns.com
94,wordpress.com
97,edgesuite.net
115,snapchat.com
131,b-cdn.net
136,msftncsi.com
143,pki.goog
147,forms.gle
162,3gppnetwork.org
164,vkuserphoto.ru
179,soundcloud.com
187,vungle.com
190,avast.com
192,taboola.com
199,nflxso.net
207,wildberries.ru
210,bbc.com
225,comcast.net
229,mangosip.ru
235,gmail.com
256,omtrdc.net
284,springer.com
286,ea.com
293,moe.video
314,prudential.com
319,slack.com
324,kaspersky-labs.com
327,alidns.com
328,kwai-pro.com
334,name-services.com
335,adriver.ru
351,wsj.com
394,tiktokcdn-eu.com
408,staples.com
430,hostgator.com
433,huawei.com
436,cloudflareinsights.com
441,gamepass.com
448,icloud-content.com
450,goodreads.com
452,hcaptcha.com
458,nflximg.com
467,elasticbeanstalk.com
470,byteglb.com
477,imgsmail.ru
502,wswebcdn.com
506,a-msedge.net
515,sohu.com
539,tripadvisor.com
542,tplinkcloud.com
543,dynatrace.com
547,eset.com
549,azure-dns.com
553,arubanetworks.com
564,target.com
570,optimizely.com
593,oraclecloud.com
601,ieee.org
602,ipinfo.io
645,typekit.net
647,hath.network
665,outbrain.com
690,id5-sync.com
697,samsungacr.com
705,hihonorcloud.com
728,tencent.com
736,shopee.co.id
741,creativecdn.com
742,mixpanel.com
748,singular.net
759,kontur.ru
776,a-mo.net
778,hbr.org
779,disqus.com
782,gkdionis.ru
789,xbox.com
811,washington.edu
818,nintendo.net
822,usps.com
860,qualtrics.com
865,globalsign.com
866,healthline.com
878,onet.pl
891,kunluncan.com
920,frontiersin.org
929,kleinanzeigen.de
930,classlink.com
940,abovedomains.com
941,leiniao.com
947,faphouse.com
959,xnxx.com
1011,nypost.com
1023,flipkart.com
1035,i18n-pglstatp.com
1044,nexthink.cloud
1084,pandora.com
1094,coursera.org
1099,aftonbladet.se
1100,mercari.com
1104,leboncoin.fr
1117,cdnhwc2.com
1131,biomedcentral.com
1134,hltv.org
1141,mhverifier.ru
1150,wordwall.net
1162,contentsquare.net
1183,itmedia.co.jp
1196,redtube.com
1198,cam.ac.uk
1207,gazzetta.it
1210,adaether.com
1221,sportybet.com
1222,dcinside.com
1233,ebay.it
1237,bmj.com
1248,meitu.com
1267,vercel.app
1286,ap4r.com
1288,xhamster19.com
1301,xham.live
1302,overwolf.com
1310,apple-cloudkit.com
1311,ey43.com
1313,xhopen.com
1317,sotwe.com
1328,rkv1.com
1331,jalan.net
1343,pornhub.org
1355,tenki.jp
1373,ilmeteo.it
1386,syosetu.com
1394,eltiempo.es
1397,blic.rs
1400,otomoto.pl
1403,ukdevilz.com
1410,porno365.gold
1430,fuq.com
1437,bt.dk
1438,amemv.com
1443,sexvid.xxx
1467,exhentai.org
1471,gdz.ru
1477,missav.ai
1479,qorno.com
1494,epfindia.gov.in
1495,twilio.com
1509,mangabuddy.com
1517,69shuba.com
1519,52shuku.net
1526,syosetu.org
1530,084kk.com
1538,mechacomic.jp
1548,patria.org.ve
1555,aucey.com
1564,betika.com
1574,njavtv.com
1575,ladies.de
1584,czbooks.net
1590,rexporn.sex
1623,conectate.com.do
1649,az24.vn
1651,sextop1.page
1653,simontokx.asia
1658,dto.jp
1684,oolveri.com
1699,annunci69.it
1709,yako03.com
1727,filmyzilla28.com
1736,amap.com
1752,otm-r.com
1763,meta.com
1764,acs.org
1765,tbank.ru
1775,indexww.com
1781,sciencedaily.com
1794,secureserver.net
1795,google.nl
1812,amd.com
1813,nelreports.net
1814,scientificamerican.com
1828,xinhuanet.com
1839,mts-ws.net
1871,mtu.ru
1873,freefiremobile.com
1889,restream-media.net
1896,deepintent.com
1919,e1c-ops.com
1931,sendbird.com
1932,enable-javascript.com
1954,tagesspiegel.de
1961,ico.org.uk
1989,snapkit.com
1993,aws-prd.net
