6502,server.agent-cluster1.prod.us002-prod.arcticwolf.net
6504,osb-tnc-v2-appsacc.samsungqbe.com
6505,cookies.andbeyond.media
6506,spserv.microsoft.com
6509,visa.com
6511,rudderstack.com
6512,www.pandora.com
6514,portal.manage.microsoft.us
6515,e.clarity.ms
6516,event.tradplusad.com
6517,pxdrop.lijit.com
6518,target.com
6520,dig.bdurl.net
6521,a.c.appier.net
6523,mweb.ck.inmobi.com
6525,c.aps.amazon-adsystem.com
6526,cdn-store-icons-akamai-prd.unityads.unity3d.com
6527,www.dwin1.com
6529,edge-usw2.demdex.net
6530,us-east-1-cs-rtb.openwebmp.com
6531,pps.adobe.io
6532,manage-ppe.microsoft.us
6533,connectivitycheck.platform.hihonorcloud.com
6534,q1.us-est.gh-g.v1.akaquill.net
6536,portal.manage-ppe.microsoft.us
6537,tplinkcloud.com
6538,riotgames.com
6539,ma2-bh.contextweb.com
6541,cpmstar.com
6542,cc-embed.adobe.com
6543,manage.agent-cluster1.prod.us003-prod.arcticwolf.net
6544,console.us.code42.com
6545,an.yandex.ru
6546,visitor-waardex.omnitagjs.com
6547,p174-content.icloud.com
6548,prod1.naturallanguageeditorservice.osi.office.net.akadns.net
6549,j.clarity.ms
6550,s-8e923eff.kinesisvideo.us-west-2.amazonaws.com
6551,mobile.zscalerthree.net
6552,events.swishapps.ai
6553,p170-content.icloud.com
6554,haproxy-ingress-portcullis.life360.com.cdn.cloudflare.net
6555,qagpublic.qg1.apps.qualys.com
6556,wem.cloud.com
6557,arclight.vimeo.com
6558,s-56832325.kinesisvideo.us-west-2.amazonaws.com
6559,p182-content.icloud.com
6560,p101-content.icloud.com
6561,friend.gc-apple.com.akadns.net
6562,s-d6629a18.kinesisvideo.us-west-2.amazonaws.com
6563,m.5egytucuw.com
6564,ads.roku.com
6566,et-w-inmobi-comtm.trafficmanager.net
6568,sync.bumlam.com
6569,shein.com
6570,manage-beta.microsoft.com
6571,egress.yandex.net
6572,clients.config.gcc.office.net
6577,ic-nss.flixcdn.com
6581,p105-content.icloud.com
6582,us.configsvc1.live.com.akadns.net
6583,p172-content.icloud.com
6584,opera-api2.com
6585,micpn.com
6586,ts01-b.csa.cloudsink.net
6587,portal.manage.microsoft.com
6588,s-472d74ac.kinesisvideo.us-west-2.amazonaws.com
6590,www.google.com.vn
6591,uncn.jp
6592,p168-content.icloud.com
6593,p180-content.icloud.com
6594,s-b1731d75.kinesisvideo.us-west-2.amazonaws.com
6595,directory-search-a.wbx2.com
6596,vg-ali-ad-track-sdk.mtgglobals.com
6597,static.5egytucuw.com
6598,tpt.dotomi.com
6599,cmp.osano.com
6600,websdk.appsflyer.com
6601,binaries.templates.cdn.office.net
6603,us-ne-courier-4.push-apple.com.akadns.net
6604,p103-content.icloud.com
6605,www.onenote.com
6607,usmia1.icloud-content.com
6608,dl.listdl.com
6609,aes-pr-inter-wwsw14ut6lx7-548d34e93e144440.elb.us-east-1.amazonaws.com
6610,n.clarity.ms
6611,ds.uncn.jp
6613,s-4010bf70.kinesisvideo.us-west-2.amazonaws.com
6614,p176-content.icloud.com
6615,server.cpmstar.com
6616,p178-content.icloud.com
6617,titlehub.xboxlive.com
6618,www.ebay.com
6620,gcs.prod.monitoring.core.windows.net
6622,p166-content.icloud.com
6623,s-6666510b.kinesisvideo.us-west-2.amazonaws.com
6624,s-8451b5cd.kinesisvideo.us-west-2.amazonaws.com
6625,cf.vast.doubleverify.com
6626,e7876.dscg.akamaiedge.net
6627,sdk-services.uds.lenovo.com
6628,dual-low.part-0023.t-0009.t-msedge.net
6629,shed.dual-low.part-0023.t-0009.t-msedge.net
6630,belkin.com
6632,sw88.espn.com
6634,tlu.dl.delivery.mp.microsoft.com.delivery.microsoft.com
6635,eyeo.com
6636,amspbs.com
6637,ocsp.r2m01.amazontrust.com
6638,scontent-atl3-3.cdninstagram.com
6639,prd-lender.cdp.internal.unity3d.com
6640,data.hicloud.com
6641,a1280.b.akamai.net
6642,strm.yandex.ru
6645,android-api-cf.duolingo.com
6646,licensing-prod-frontdoor-geomap.trafficmanager.net
6647,fa000000043.resources.office.net
6648,part-0029.t-0009.t-msedge.net
6649,us-service.acr.roku.com
6650,edge-prebid-pbs.g03.yahoodns.net
6652,part-0041.t-0009.t-msedge.net
6653,image-scdn.cdn-gslb.spotify.com
6654,sgp-howl.api.intl.miui.com
6655,status.discord.com
6656,caldav.icloud.com
6657,is3-ssl.mzstatic.com
6658,zaz.api.amazonvideo.com
6659,eqt-gc.rendering.sharethrough.com
6660,aliexpress.com
6662,time-osx.g.aaplimg.com
6664,cdn.userway.org
6666,www.google.com.ph
6667,salesforce-scrt.com
6669,tracenep.admaster.cc
6670,net.dual-spov-0006.spov-msedge.net
6671,trafficmanager.net.dual-spov-0006.spov-msedge.net
6672,odwebpl.trafficmanager.net.dual-spov-0006.spov-msedge.net
6673,cs-rtb.minutemedia-prebid.com
6674,autoupdate.opera.com
6676,payments-graph.instagram.com
6677,cdn.clinch.co
6679,svc.ms-acdc-eop.office.com
6681,u3y8v8u4.aucdn.net
6682,telemetry-console.api.playstation.com
6683,k.clarity.ms
6684,radar.io
6685,as-sec.casalemedia.com
6686,ipac.ctnsnet.com
6687,intercomcdn.com
6688,visitor-waardexvideos.omnitagjs.com
6689,musicstatus-us-w.edge-itunes-apple.com.akadns.net
6691,mobile.zscaler.net
6692,pull-flv-f77-sg01.tiktokcdn.com
6693,eop-mrc-ww-perf.tm-4.office.com
6695,clientstream-ga.launchdarkly.com
6696,rtbc-uw1.doubleverify.com
6697,nintendo.com
6698,x2.c.lencr.org
6699,owv2.pubmnet.com
6700,geotrust.com
6701,us.lgtvsdp.com
6703,a.magsrv.com
6705,s10.histats.com
6707,api.userway.org
6708,idsync.live.streamtheworld.com
6709,qos.prod.warm.ingest.monitor.core.windows.net
6710,gridx.ai
6713,visualstudio.microsoft.com
6714,api.ds.gridx.ai
6715,feed16-normal-sg.capcutapi.com
6716,island.io
6718,pus3-collabhubrtc.officeapps.live.com
6719,ap.spotify.com
6720,badges.roblox.com
6721,api.radar.io
6722,e2867.dsca.akamaiedge.net
6723,nakheelteam.cc
6724,xlivrdr.com
6726,dynamics.com
6727,stocks-data-service.lb-apple.com.akadns.net
6728,stun01a-us.bcld.webex.com
6729,countvoncount.goguardian.com
6730,dmp.im-apps.net
6731,c2.halcyon.ai
6732,portal.manage-beta.microsoft.com
6733,scontent-lga3-2.cdninstagram.com
6735,rdbroker.wvd.microsoft.com
6736,api.b2c.com
6738,tnc-boot.tiktokv.com
6739,us1.roaming1.live.com.akadns.net
6740,ad.tpmn.io
6741,stun02a-us.bcld.webex.com
6742,nam04.safelinks.protection.outlook.com
6743,dtscout.com
6744,mon-sg.capcutapi.com
6745,oec22-normal-alisg.tiktokv.com
6746,s-mzstatic-applak.itunes-apple.com.akadns.net
6747,cds.connatix.com
6748,inmobi-match.dotomi.com
6750,static.gc-lb.apple.com.akadns.net
6751,cchome.adobe.io
6752,a1874.dscg1.akamai.net
6753,has.spserv.microsoft.com
6754,ids.cdnwidget.com
6755,firefox-settings-attachments.cdn.mozilla.net
6759,gw-cp-us-isp.temu.com
6760,treasuredata.com
6761,wlhrm-a-8.prod.infra.webex.com
6762,pd-lb.itunes-apple.com.akadns.net
6763,sus.sophosupd.com
6765,fdz.flashtalking.com
6766,manage-selfhost.microsoft.com
6767,public.wlhrm-a-8.prod.infra.webex.com
6768,pubmatic-match.dotomi.com
6769,visitor.us-east4.gcp.omnitagjs.com
6770,js.klarna.com
6771,shared.officeapps.live.com
6772,api-pinterest-com.gslb.pinterest.com
6773,adsmetadata.startappservice.com
6774,usdal2.ce.apple-dns.net
6775,portal.manage-selfhost.microsoft.com
6776,eop.mira.tm.svc.cloud.microsoft
6778,getrockerbox.com
6779,ols.officeapps.live.com
6780,sdk-gate.singular.net
6781,afdatmcontinuumonly.trafficmanager.net
6782,casale-match.dotomi.com
6783,addtoany.com
6784,manage-dogfood.microsoft.com
6785,dc.applicationinsights.azure.com
6786,portal.manage-dogfood.microsoft.com
6787,watson.telemetry.microsoft.com
6788,res-prod.trafficmanager.net
6789,lpsnmedia.net
6790,vst.c.appier.net
6791,ipm.avcdn.net
6792,outlook-cba.office365.com
6794,kampyle.com
6796,static.addtoany.com
6797,appboy.com
6798,msft-ssp-useast.adnxs.com
6799,media4.grid.bidswitch.net
6800,reqhfg-cdn-settings.appsflyersdk.com
6802,tns-counter.ru
6803,ntp-msn-com-world-atm-default.trafficmanager.net
6804,immy.bot
6806,a1579.d.akamai.net
6807,mobile.zscalertwo.net
6808,e4578.dscb.akamaiedge.net
6809,fa000000129.resources.office.net
6810,alipayobjects.com
6811,helpshift.com
6812,wac.trafficmanager.net.wac-0003.wac-dc-msedge.net.wac-0003.wac-msedge.net
6815,p104-content.icloud.com
6817,affirm.com
6818,www.belkin.com
6819,cdn-ukwest.onetrust.com
6820,z-m-static.xx.fbcdn.net
6821,socket.threatdown.com
6822,euc-excel-telemetry.officeapps.live.com
6823,p177-content.icloud.com
6825,pushlycdn.com
6827,dscg.netflix.com.edgesuite.net
6828,aic-ngfts.lge.com
6829,drafts-a.wbx2.com
6830,ib.msn.com
6831,de.inmobi.com
6833,osiprod-ncus-buff-azsc-000.northcentralus.cloudapp.azure.com
6834,go.xlivrdr.com
6835,i.vimeocdn.com
6838,mintegral.com
6839,moatads.com
6840,clientperipherals.dell.com
6841,fontawesome.com.cdn.cloudflare.net
6842,assets.twitch.tv
6844,wise.public.cdn.office.net
6845,probe-edge.v.aaplimg.com
6847,pdx-col.eum-appdynamics.com
6848,p175-content.icloud.com
6849,us02web.zoom.us
6850,prod-achm-registration2.wbx2.com
6851,analytics-tcp.mtgglobals.com
6853,musicstatus-us-e.edge-itunes-apple.com.akadns.net
6854,gcs.garmin.com
6855,cdn.evgnet.com
6856,appnexus.map.fastly.net
6857,prod.appnexus.map.fastly.net
6858,tracker-shr.ortb.net
6859,logs.us-east-1.internal.dradis.netflix.com
6861,media.pushlycdn.com
6862,p102-content.icloud.com
6863,p106-content.icloud.com
6865,launcher-public-service-prod06.ol.epicgames.com
6866,p173-content.icloud.com
6867,s.w-x.co
6868,adingo.jp
6869,cameraddns.net
6870,roovza.inapps.appsflyersdk.com
6871,dsp-service.pixad.com.tr
6872,prod-achm-registration1.wbx2.com
6873,cclibraries-defaults-cdn.adobe.com
6874,assistant-s3-pa.googleapis.com
6875,boomtrain.com
6876,p181-content.icloud.com
6877,static.v2kyu1kjr.com
6879,t.applovin.com
6880,mediaservices.cdn-apple.com.edgesuite.net
6882,bidder.smartytouch.co
6883,screencastify.com
6884,img.3lift.com
6885,wysemanagementsuite.com
6886,o.iads.unity3d.com
6887,powerapps.com
6888,video.qq.com
6889,exch.quantcount.com
6890,v3.tiktokcdn.com
6892,autopatch.juno.ea.com
6893,p167-content.icloud.com
6894,machines.threatdown.com
6895,playmoviesdfe-pa.googleapis.com
6897,m.9ffyu1g9c.com
6898,teslamotors.com
6899,img.hulu.com
6901,publickeyservice.msmt.gcp.privacysandboxservices.com
6903,c.pub.network
6904,acmhwxt-prd-1.prod.infra.webex.com
6905,gridx-de-ds-production-vpnctl.s3.eu-central-1.amazonaws.com
6906,bitdrift.io
6907,mqtt.fallback.c10r.facebook.com
6908,e4686.dsce9.akamaiedge.net
6909,p179-content.icloud.com
6910,api.gcs.garmin.com
6911,gdmf-ados.v.aaplimg.com
6912,scontent-lga3-2.xx.fbcdn.net
6913,client.px-cloud.net
6914,ensighten.com
6915,st-relay-v3-univ-srs-win-3801-g3.api.splashtop.com
6916,sf16-ies-music-va.tiktokcdn.com.bytegeo.akadns.net
6917,scontent-den2-1.xx.fbcdn.net
6919,log.svc.screencastify.com
6920,abff.viber.com
6921,a339.dscgi3.akamai.net
6923,booking.com
6924,wamsm-a-7.prod.infra.webex.com
6925,lyra-r.wbx2.com
6926,bx-0004.bx-msedge.net
6927,notion.so
6928,messenger.com
6929,api.instabug.com
6930,client-update.fastly.steamstatic.com
6931,opus.analytics.yahoo.com
6932,paramountplus.com
6934,p165-content.icloud.com
6935,contactservice.zoom.us
6936,static-cdn.jtvnw.net
6937,p169-content.icloud.com
6939,ocsp.r2m03.amazontrust.com
6940,js.sentry-cdn.com
6941,sogou.com
6942,us1.wysemanagementsuite.com
6943,dp1.33across.com
6944,ads.travelaudience.com
6945,us-est.exp.fastly-masque.net
6946,usercontent.google.com
6947,public.wamsm-a-7.prod.infra.webex.com
6949,img3.hulu.com
6950,crl.comodoca.com
6951,wb.ru
6952,wordonline.nel.measure.office.net
6953,hpsmart.com
6954,sync6.im-apps.net
6955,saupdates.dell.com
6956,prebid-server-ips.rubiconproject.net.akadns.net
6957,scontent-dfw5-2.cdninstagram.com
6958,activate.agent-common.prod.us003-prod.arcticwolf.net
6960,p171-content.icloud.com
6961,titanium.roblox.com
6962,pull-flv-f77-va01.tiktokcdn.com
6963,ssbsync-use1.smartadserver.com
6965,mus.cisco.com
6967,zaloapp.com
6971,static.jr5yu01aa.com
6972,dspbeacons.old.ihasdsp.inmobi.com
6974,p16-comment-sign-sg.tiktokcdn.com
6975,dualstack.twimg.twitter.map.fastly.net
6976,cdn.mobilefuse.com
6977,secure.livechatinc.com
6978,piano.io
6979,tag.device9.com
6981,play.hulu.com
6982,xapi-r.wbx2.com
6983,ghent-gce-or.bidswitch.net
6986,dldir1v6.qq.com
6987,resources.licenses.adobe.com
6988,webpermissionpredictions.googleapis.com
6989,ad-host-backup-america.oss-us-west-1.aliyuncs.com
6990,m.yziyu02by.com
6991,players.brightcove.net
6992,device.auth.xboxlive.com
6993,vc-mirror.ndcpp-os.com
6995,default.any-any.prd.api.discomax.com
6996,dellsupportcenter.com
6997,content.dellsupportcenter.com
6998,scontent-dfw5-1.cdninstagram.com
7000,trackedevt.1rx.io
7002,analytics-tcp.mintegral.net
7004,static.hj2k2.com
7005,sync.ex.co
7006,quad9.net
7007,m.7df5u.com
7008,dzen.ru
7009,onedscolprdjpe00.japaneast.cloudapp.azure.com
7010,dx.mountain.com
7011,sf-teko-source.tiktokcdn.com
7012,www.cisco.com.akadns.net
7013,mon16-normal-no1a.tiktokv.eu
7015,ec2.web.ap-east-2.prod.diagnostic.networking.aws.dev
7017,gameanalytics.com
7020,us-api.samsungpositioning.com
7021,ocsp.r2m02.amazontrust.com
7022,images.pluto.tv
7023,cdn-cookieyes.com
7024,akamai.com
7025,shepherd.ff.avast.com
7028,nianticlabs.com
7029,vc-brain.ndcpp-os.com
7030,api.gameanalytics.com
7031,aditude.io
7032,newsroom.bi
7033,api.hpsmart.com
7034,seg.ad.gt
7035,classlink.com
7036,az700632.vo.msecnd.net
7037,gcc.activity.windows.us
7038,sync.sparteo.com
7039,install.monetization-sdk.chartboost.com
7040,smartclip.net
7041,config.monetization-sdk.chartboost.com
7042,a.orbsrv.com
7043,analytics-ios-tcp.mtgglobals.com
7046,b-0008.b-msedge.net
7047,ec2.web.ap-south-1.prod.diagnostic.networking.aws.dev
7048,scontent-lga3-3.cdninstagram.com
7049,action1.com
7050,judge.me
7051,img4.hulu.com
7052,gql.twitch.tv
7053,receive-lp1.dg.srv.nintendo.net
7054,match-us-east-1-ecs.sharethrough.com
7055,heytapimg.com
7056,cl-glcb907925.globalcdn.co
7057,liveupdate.symantec.com
7058,mediation.goog
7059,apiproxy-prod-nlb-s1-23af8ef0075e0796.elb.us-west-2.amazonaws.com
7060,etsy.com
7062,sliide.cloud
7063,b.i.instagram.com
7064,iad-01.braze.com.cdn.cloudflare.net
7065,hihonor.com
7066,ch-vid-events.taboola.com
7067,playgateway-pa.googleapis.com
7068,bsync16-normal-no1a.tiktokv.eu
7069,e673.dscx.akamaiedge.net
7071,api-msn-com.ax-0003.ax-msedge.net
7072,dotmetrics.net
7073,cxense.com
7074,sse.cisco.com
7075,uts-api-cdn.itunes-apple.com.akadns.net
7076,p16-common-sign.tiktokcdn-us.com.edgesuite.net
7077,js.hubspot.com
7079,a1802.dscw154.akamai.net
7081,log.go.com
7082,wxt-general-ingressgateway.acmhwxt-prd-2.prod.infra.webex.com
7083,pus2-collabhubrtc.officeapps.live.com
7084,platform-api.sharethis.com
7085,scontent-sea5-1.xx.fbcdn.net
7086,widget-pixels.outbrain.com
7087,logmein.com
7090,sqs.us-east-1.amazonaws.com
7091,na1.data.workspaceone.com
7092,api16-normal-i-alisg.tiktokv.com
7093,ec2.web.us-west-2.prod.diagnostic.networking.aws.dev
7094,wxt-general-ingressgateway.acmhwxt-prd-1.prod.infra.webex.com
7097,ec2.web.us-east-2.prod.diagnostic.networking.aws.dev
7098,pull-o5-gcp01.tiktokcdn.com
7099,download.lenovo.com
7102,ec2.web.ap-southeast-1.prod.diagnostic.networking.aws.dev
7103,vidazoo.com
7105,sfds-geo.xbetservices.akadns.net
7106,p16-oec-common-useast2a.ibyteimg.com
7108,a1813.dscd.akamai.net
7109,rw-yieldmo-com-1233107411.us-east-1.elb.amazonaws.com
7112,ec2.web.ap-south-2.prod.diagnostic.networking.aws.dev
7115,ec2.web.me-central-1.prod.diagnostic.networking.aws.dev
7116,apex.go.sonobi.com
7117,cdngarenanow-a.akamaihd.net
7118,api.fitbit.com
7119,e16646.dscg.akamaiedge.net
7120,mask-canary.icloud.com
7121,agentsync.ivanticloud.com
7122,lyh-efz.ms-acdc.office.com
7126,liftdsp.com
7127,ec2.web.af-south-1.prod.diagnostic.networking.aws.dev
7128,tiles.virtualearth.net
7131,api.w.inmobi.com
7133,ec2.web.ap-northeast-2.prod.diagnostic.networking.aws.dev
7134,stats.gc.fe2.apple-dns.net
7135,gspe76-ssl.ls.apple.com
7137,google.com.mx
7138,celtra.com
7139,keysvc.cs.roku.com
7140,meta.wikimedia.org
7141,a866.dscd.akamai.net
7142,v19.tiktokcdn.com
7143,cabana-config.g.aaplimg.com
7144,pull-f5-gcp01.tiktokcdn.com
7145,cus-config.officeapps.live.com
7148,ec2.web.ap-southeast-5.prod.diagnostic.networking.aws.dev
7149,quora.com
7151,acsbapp.com
7152,api2.smoot.apple.com
7155,ec2.web.eu-west-3.prod.diagnostic.networking.aws.dev
7156,pollserver.lastpass.com
7157,ox-rtb-us-west1.openx.net
7159,ec2.web.ap-southeast-4.prod.diagnostic.networking.aws.dev
7161,prod-event-relay-notes-api.v.aaplimg.com
7162,video-useast5.tiktokv.us
7163,imtwjwoasak-pmi-pixel-origin.s3.amazonaws.com
7164,vidoomy.com
7165,data.cylance.com
7166,gcs-us-00002.content-storage-download.googleapis.com
7167,quota.icloud.com
7168,pull-f5-vr-sg01.tiktokcdn.com
7169,in.treasuredata.com
7170,partner.googleadservices.com
7171,e4536.g.akamaiedge.net
7172,fw-pcu.prod.gws.ring.amazon.dev
7175,uslax2.ce.apple-dns.net
7178,ec2.web.us-west-1.prod.diagnostic.networking.aws.dev
7179,assets.mintegral.com
7181,resolver1.opendns.com
7182,us.nextdoor.com
7185,api.aadrm.com
7186,ec2.web.eu-west-2.prod.diagnostic.networking.aws.dev
7187,ec2.web.il-central-1.prod.diagnostic.networking.aws.dev
7191,adppa.api.autodesk.com
7192,cdn.parsely.com
7193,api.helpshift.com
7194,k8s1-event-tracker-ny.lb.indexww.com
7195,a.pub.network
7196,venetia.iad.appboy.com
7199,pool.liftdsp.com
7200,ec2.web.ca-central-1.prod.diagnostic.networking.aws.dev
7202,cta-service-cms2.hubspot.com
7203,imageproxy.us.criteo.net
7204,a827.t.akamai.net
7206,lf16-effectcdn-sg.tiktokcdn.com
7207,forticloud.com
7209,cmp.inmobi.com
7213,pull-flv-l77-gcp01.tiktokcdn.com
7216,ec2.web.ap-east-1.prod.diagnostic.networking.aws.dev
7218,www.mozilla.org
7219,ec2.web.me-south-1.prod.diagnostic.networking.aws.dev
7220,ec2.web.eu-south-2.prod.diagnostic.networking.aws.dev
7223,client-side-metrics.us5.us.criteo.net
7224,snapshotsgw.us-east-2.prod.gws.ring.amazon.dev
7225,ec2.web.us-east-1.prod.diagnostic.networking.aws.dev
7228,ec2.web.eu-central-1.prod.diagnostic.networking.aws.dev
7229,scontent-lga3-1.cdninstagram.com
7230,c.eset.com
7231,androidtvlauncherxfe-pa.googleapis.com
7232,pull-hls-f77-gcp01.tiktokcdn.com
7233,pull-f5-vr-gcp01.tiktokcdn.com
7234,events.newsroom.bi
7236,api16-core-no1a.tiktokv.eu
7237,westus-0.in.applicationinsights.azure.com
7238,tesla.com
7239,sxp.smartclip.net
7240,app.appsflyer.com
7241,aes-pr-inter-veycuznhtjbm-8d6598673097fbf9.elb.us-east-1.amazonaws.com
7246,ec2.web.ca-west-1.prod.diagnostic.networking.aws.dev
7248,ec2.web.sa-east-1.prod.diagnostic.networking.aws.dev
7249,com.b-0005.b-msedge.net
7250,microsoft.com.b-0005.b-msedge.net
7251,api.bilibili.com
7254,api.micloud.xiaomi.net
7256,ec2.web.ap-southeast-6.prod.diagnostic.networking.aws.dev
7258,supercell.com
7260,ec2.web.ap-southeast-3.prod.diagnostic.networking.aws.dev
7264,ec2.web.ap-southeast-2.prod.diagnostic.networking.aws.dev
7267,metrics.brightcove.com
7268,ec2.web.ap-northeast-3.prod.diagnostic.networking.aws.dev
7269,pull-cmaf-l77-gcp01.tiktokcdn.com
7271,www.gslb.pinterest.net
7276,world.relay.avd.microsoft.com
7277,a194.t.akamai.net
7278,east-ocse.us.code42.com
7280,ec2.web.ap-southeast-7.prod.diagnostic.networking.aws.dev
7282,www.notion.so
7283,video.twitter.map.fastly.net
7284,streamingapi-ford-soa-24-prod-360.mountain.siriusxm.com
7285,dualstack.video.twitter.map.fastly.net
7286,pull-flv-l16-gcp01.tiktokcdn.com
7289,pull-flv-f11-sg01.tiktokcdn.com
7290,api.messenger.yandex.net
7291,androidauthnimblegateway-pa.googleapis.com
7292,mycdn.me
7293,b.de.inmobi.com
7294,pull-cmaf-l16-gcp01.tiktokcdn.com
7295,sberbank.ru
7298,ip.claspws.tv
7299,log.strm.yandex.ru
7300,oculus.com
7301,ec2.web.eu-south-1.prod.diagnostic.networking.aws.dev
7302,cell8001.iad.mobile.bid-na.ads.aps.amazon-adsystem.com
7307,ec2.web.eu-north-1.prod.diagnostic.networking.aws.dev
7308,sqs.us-west-2.amazonaws.com
7309,twitter.com.cdn.cloudflare.net
7310,pull-cmaf-f77-gcp01.tiktokcdn.com
7311,audioeye.com
7313,synology.com
7314,findnms.samsungiotcloud.com
7316,a.thumbs.redditmedia.com
7317,intunemaape4.wus.attest.azure.net
7318,links.duckduckgo.com
7319,tnc16-alisg.isnssdk.com
7320,authsvc.teams.microsoft.com
7321,prod-1.us-east-1.mdcs.mshop.amazon.dev
7323,acdcatm.eop.mira.tm.svc.cloud.microsoft
7324,newsaggreg.shalltry.com
7325,js.intercomcdn.com
7327,media.yahoo.com
7328,ec2.web.ap-northeast-1.prod.diagnostic.networking.aws.dev
7329,ma2-direct-bgp.contextweb.com
7330,pull-a5-gcp01.tiktokcdn.com
7331,server.action1.com
7332,sdk-04.moengage.com
7333,f.vimeocdn.com
7334,iid.googleapis.com
7335,az416426.vo.msecnd.net
7336,ok.ru
7337,pull-f5-vr-va01.tiktokcdn.com
7338,time-a.timefreq.bldrdoc.gov
7339,account-public-service-prod03.ol.epicgames.com
7340,ec2.web.eu-west-1.prod.diagnostic.networking.aws.dev
7341,prod-atm-wds-edge.trafficmanager.net
7342,pgammedia.com
7343,pull-c5-gcp01.tiktokcdn.com
7344,scontent-iad3-2.cdninstagram.com
7345,perf-na1.hsforms.com
7346,noa.yahoo.com
7347,ec2.web.eu-central-2.prod.diagnostic.networking.aws.dev
7351,algolia.net
7352,ads.adthrive.com
7353,pull-f5-tt04.tiktokcdn-eu.com
7355,smartytech.io
7356,optidigital.com
7357,events.mz.unity3d.com
7358,hbevents-public.mz.unity3d.com
7359,fout.jp
7360,roovza.cdn-settings.appsflyersdk.com
7361,server.smartytech.io
7362,m.qq.com
7364,login-ds.dotomi.com
7365,blogger.googleusercontent.com
7366,pull-f5-va01.tiktokcdn.com.c.bytefcdn-oversea.com
7367,pbs.optidigital.com
7368,weather.swishapps.ai
7370,cdn.blisspointmedia.com
7371,service-aggregation-layer.juno.ea.com
7372,yun.hihonor.com
7373,widget-content.spotify.com
7374,emoji.redditmedia.com
7376,aggr16-normal.tiktokv.com
7377,arubanetworks.com
7378,jcdn.tsyndicate.com
7379,apisd.ebay.com
7380,samsungknox.com
7382,pull-w5-gcp01.tiktokcdn.com
7383,hybird.mtgglobals.com
7384,udmserve.net
7385,r12.c.lencr.org
7386,edge-hls.growcdnssedge.com
7388,prod-2.us-east-1.mdcs.mshop.amazon.dev
7389,config.claspws.tv
7391,provisioning.agentcontrol.us-west-2.prd.cdo.system-monitor.com
7392,api.box.com
7393,feed-api-sg.capcut.com
7394,scontent-lga3-1.xx.fbcdn.net
7396,pull-q5-gcp01.tiktokcdn.com
7397,cdn-stv.adgrx.com
7398,pull-flv-l10-gcp01.tiktokcdn.com
7399,wxt-registration-ingressgateway-ds.wxtreg-prod-achm-registration1.prod.infra.webex.com
7400,signifyd.com
7401,pull-cmaf-l10-gcp01.tiktokcdn.com
7402,cloudconf-app-sg.heytapmobile.com
7404,vgepodownload.mediatek.com
7405,us-north-courier-4.push-apple.com.akadns.net
7406,scontent-iad3-1.xx.fbcdn.net
7408,www.accuweather.com
7409,pull-flv-f77-gcp01.tiktokcdn.com
7410,ln-0001.ln-msedge.net
7411,tracking.rus.miui.com
7412,report-edge.agora.io
7415,wxt-registration-ingressgateway-ds.wxtreg-prod-achm-registration2.prod.infra.webex.com
7416,cdn2-inner-active.map.fastly.net
7417,lptag.liveperson.net
7418,imgsct.cookiebot.com
7419,scontent-lga3-3.xx.fbcdn.net
7420,amplitude.map.fastly.net
7422,cdn07.boxcdn.net
7424,a.slack-edge.com
7425,pus4-collabhubrtc.officeapps.live.com
7427,prod-rel-ffc-ccm.oobesaas.adobe.com
7428,prod.appsuggestions.teams.cloud.microsoft
7429,gcs.sc-cdn.net
7430,a.media-amazon.com.akamaized.net
7432,customer.io
7433,wyze-iot.s3.us-west-2.amazonaws.com
7434,ire-dsc.shalltry.com
7436,pbs-yahoo-us.ay.delivery
7437,aax-events-cell01-cf.eu-west.aps.axp.amazon-adsystem.com
7439,vadt.adsafeprotected.com
7440,app.ringcentral.com
7442,edith.xiaohongshu.com
7443,manifest.prod.boltdns.net
7445,i.scdn.co-noeip.akamaized.net
7447,scontent-atl3-1.cdninstagram.com
7448,europe.pool.ntp.org
7449,tp-link.com
7450,oec32-normal-no1a.tiktokv.eu
7451,api.tradplusad.com
7452,vmware.com
7455,scontent-dfw5-3.cdninstagram.com
7457,target.scene7.com
7458,prod-zephyr.goguardian.com
7459,config-security.com
7460,e40491.dscg.akamaiedge.net
7461,metrics.getrockerbox.com
7462,t.sni.global.fastly.net
7463,use1-wps-prod.apple.com
7464,tether.edge.apple
7465,edge-consumer-static.afd.azureedge.net
7466,vision.meraki.com
7467,img.riskified.com
7468,aca-livecards-service.amazon.com
7469,appstore-tv-prod-na.amazon.com
7470,sdk.iad-01.braze.com.cdn.cloudflare.net
747,1.courier-push-apple.com.akadns.net
7471,probe.me.apple-dns.net
7472,e.qq.com
7473,pubnub.com
7474,bl-server.alphonso.tv
7475,k.codegridnode.com
7476,dual-low.part-0041.t-0009.t-msedge.net
7477,shed.dual-low.part-0041.t-0009.t-msedge.net
7479,presence-public-service-prod.ol.epicgames.com
7480,alive.github.com
7481,fe2.update.msft.com.trafficmanager.net
7482,balancer.static.ssp-prod-use1.zetaglobal.io
7483,arcore.googleapis.com
7484,onedriveclubproddm20045.blob.core.windows.net
7486,segment.prod.bidr.io
7487,p19-comment-sign-sg.tiktokcdn.com
7488,clientsapigw-geo.prod.gws.ring.amazon.dev
7489,dual-low.part-0029.t-0009.t-msedge.net
7490,shed.dual-low.part-0029.t-0009.t-msedge.net
7491,aggregator.service.usercentrics.eu
7492,edge-term4.roblox.com
7493,path1.xtracloud.net
7495,ringapigw.prod.gws.ring.amazon.dev
7496,zimperium.com
7497,pl.primis.tech
7498,l.sharethis.com
7499,waze.com
7502,web-fallback.facebook.com
7504,ringapigw-geo.prod.gws.ring.amazon.dev
7505,path2.xtracloud.net
7507,scontent-lax3-1.cdninstagram.com
7508,a747.mm1.akamai.net
7509,ytimg.l.google.com
7510,csync-global.smartadserver.com
7511,ec2.web.mx-central-1.prod.diagnostic.networking.aws.dev
7514,sessiondirectory.xboxlive.com
7515,cs.adingo.jp
7516,scontent-lax3-2.cdninstagram.com
7518,rtlog16-normal-no1a.tiktokv.eu
7520,internal.cashappapi.com
7522,uniflowonline.com
7524,pull-flv-f77-tt04.tiktokcdn-eu.com
7525,us.i.posthog.com
7526,fonts.net
7527,gw.alipayobjects.com
7529,nexus.ensighten.com
7530,music.amazon.com
7531,www.google.com.mx
7533,adobedc.demdex.net
7534,pull-cmaf-f16-gcp01.tiktokcdn.com
7536,gcs-eu-00002.content-storage-upload.googleapis.com
7537,ims-prod07.adobelogin.com
7538,ipv6.unagi-na.amazon.com
7539,rubicon-match.dotomi.com
7540,asm-api-prod-geo-am-skype.trafficmanager.net
7541,res-stls-prod.edgesuite.net
7542,autoelevate.com
7543,p19-common-sign.tiktokcdn-eu.com
7544,grpc.life360.com
7545,api.accounts.firefox.com
7546,i.l-dsp.inmobicdn.net
7548,control-zoo-dtsprod.tvinteractive.tv
7549,ecp.yusercontent.com
7550,osb-v1-alb.samsungqbe.com
7551,yusercontent.com
7552,path3.xtracloud.net
7553,linkedin.map.fastly.net
7554,weather-data.apple.com.akamaized.net
7558,s2.go-mpulse.net
7559,vcs-sg.capcutapi.com
7560,thisisdax.com
7561,acs.m.taobao.com
7562,cdn.pdst.fm
7563,unity-data-gke-prd-gateway.cdp.internal.unity3d.com
7564,secure-dcr.imrworldwide.com
7565,apd-pcdnwxnat.teg.tencent-cloud.net
7566,rdbroker-g-us-r1.wvd.microsoft.com
7567,atera.com
7568,agentserviceapi.guestconfiguration.azure.com
7569,amazonsilk.com
7570,downloaddispatch-cdn.itunes-apple.com.akadns.net
7571,konut-cdn.apple.com
7572,flask.us.nextdoor.com
7573,gsp51-ssl.ls.apple.com
7575,browsiprod.com
7577,pull-f5-tt01.fcdn.eu.tiktokcdn.com
7578,iadsdk.apple.com.edgekey.net
7581,media-hls.growcdnssedge.com
7582,ads.creative-serving.com
7584,imap-mail.outlook.com
7586,spdc-global.pbp.gysm.yahoodns.net
7588,tk0x1.com
7589,login.okta.com
7590,content.cdn.viber.com
7593,zinfandel-agent-notifications.centrastage.net
7594,cf.iadsdk.apple.com.akadns.net
7595,rcs-copper-us.googleapis.com
7596,scontent-atl3-3.xx.fbcdn.net
7597,js.hsadspixel.net
7598,onedriveclubproddm20033.blob.core.windows.net
7599,scontent-atl3-2.cdninstagram.com
7600,contentstack.com
7601,ntp.ubuntu.com
7602,ire-oneid.shalltry.com
7603,onedriveclubproddm20027.blob.core.windows.net
7604,mrf.io
7605,onedriveclubproddm20053.blob.core.windows.net
7606,zadn.vn
7608,config.mapbox.com
7609,onedriveclubproddm20032.blob.core.windows.net
7610,common-geo.wac.trafficmanager.net
7611,clientconfig.rpg.riotgames.com
7612,onedriveclubproddm20025.blob.core.windows.net
7614,static-cdn.hotjar.com
7615,onedriveclubproddm20023.blob.core.windows.net
7616,xnxx.com
7617,http-intake.logs.datadoghq.com
7618,static.yieldmo.com
7620,otel-mobile.doordash.com
7621,cdn.w55c.net
7624,uk-script.dotmetrics.net
7625,rtb-trk4.linkedin.com
7626,c.us.heap-api.com
7627,trafficjunky.net
7628,s.console.adtarget.com.tr
7629,edge.api.brightcove.com
7630,adtidy.org
7631,finance-pa.googleapis.com
7633,dns.quad9.net
7634,adsdk.bing.net
7635,xmppapi.zoom.us
7636,mobifts.ebay.com
7637,onedriveclubproddm20031.blob.core.windows.net
7638,marketiq.com
7639,skimresources.com
7640,scrootca2.ocsp.secomtrust.net
7641,forcesafesearch.google.com
7642,aam.a47b.com
7646,us-east-1.event.prod.bidr.io
7647,voyager.autoelevate.com
7649,lat-services.api.data.roku.com
7650,a122.dscd.akamai.net
7651,imprchmp.taboola.com
7652,agent-api.atera.com
7653,pull-w5-sg01.tiktokcdn-us.com
7654,onedriveclubproddm20046.blob.core.windows.net
7656,analytics.pangle-ads.com
7658,sylvan.apple.com
7660,uef.np.dl.playstation.net
7661,play-cdn.itunes-apple.com.akadns.net
7662,calendar-r.wbx2.com
7663,acronis.com
7664,onedriveclubprodbn20007.blob.core.windows.net
7665,rt.udmserve.net
7666,ghs.googlehosted.com
7667,getpublica.com
7669,onedriveclubproddm20029.blob.core.windows.net
7670,treatment.grammarly.com
7671,wildberries.ru
7672,us2.roaming1.live.com.akadns.net
7673,onedriveclubproddm20051.blob.core.windows.net
7674,rtb.gamoshi.io
7675,api.cylance.com
7676,ac.onedsp.inmobi.com
7677,onedriveclubprodbn20028.blob.core.windows.net
7678,ynuf.aliapp.org
7679,pps.whatsapp.net
7681,onedriveclubprodbn20042.blob.core.windows.net
7682,a1790.dscb.akamai.net
7683,configprd.samsungcloudsolution.net
7684,clientsapigw-alb.us-east-1.prod.v2.gws.ring.amazon.dev
7685,achievements.xboxlive.com
7686,dc-api-v2.adobe.io
7688,alert.life360.com
7689,api.sail-personalize.com
7690,pull-f5-sg01.fcdn.eu.tiktokcdn.com
7691,xhpingcdn.com
7692,identity.webex.com
7694,i.simpli.fi
7695,beacon.qq.com
7696,adminwebservice.mso.msidentity.com
7698,www.netgear.com
7699,onedriveclubprodbn20019.blob.core.windows.net
7700,dpmawp.itsupport247.net
7701,got.iad3rs0zonea.pubnative.net
7702,eastus1-mediap.svc.ms
7703,a2047.api10.akamai.net
7704,cn-cloudflare.pidetupop.com
7705,onedriveclubprodbn20021.blob.core.windows.net
7706,ts01-laggar-gcw.cloudsink.net
7707,ocsp2.apple.com.edgekey.net
7708,onedriveclubprodbn20022.blob.core.windows.net
7709,ab-merchandise.opera-api.com
7710,ciscospark.com
7711,albert.apple.com
7712,api-global.us-west-2.internal.dradis.netflix.com
7713,loc.map.baidu.com
7714,myworkdaycdn.com
7715,onedriveclubprodbn20054.blob.core.windows.net
7716,api.config-security.com
7717,pgorelease.nianticlabs.com
7718,s.secure.espncdn.com
7719,metrics.rapidedge.io
7720,onedscolprdjpe03.japaneast.cloudapp.azure.com
7721,ppr-crl.rnps.dl.playstation.net
7722,onedriveclubprodbn20023.blob.core.windows.net
7723,ak.sail-horizon.com
7725,chidc2.outbrain.org
7727,pull-flv-f64-sg01.tiktokcdn.com
7728,nytrng.com
7729,patronus.idata.shopeemobile.com
7730,scontent-lax3-1.xx.fbcdn.net
7731,edge-skype-com.s-0005.dual-s-msedge.net
7733,scontent-atl3-2.xx.fbcdn.net
7734,thumb-cdn77.xnxx-cdn.com
7735,p2p-dfw2.discovery.steamserver.net
7736,www.wikipedia.org
7737,secure.globalsign.com
7738,cs.pgammedia.com
7739,rddiagnostics-g-us-r1.wvd.microsoft.com
7740,track1.aniview.com
7741,xblmessaging.xboxlive.com
7742,onedriveclubprodbn20051.blob.core.windows.net
7744,cdn.doubleverify.com.edgesuite.net
7745,fa000000128.resources.office.net
7746,bid.sparteo.com
7747,guce.aws.oath.cloud
7748,msn.cn
7749,cloud.kargo.com
7750,p.teads.tv
7751,e8.c.lencr.org
7752,onedriveclubprodbn20041.blob.core.windows.net
7753,onedriveclubprodbn20050.blob.core.windows.net
7754,storage.cloud.kargo.com
7755,eventproxy.na1.data.workspaceone.com
7756,usuyk1.ce.apple-dns.net
7757,store-dra.hispace.dbankcloud.com
7758,powerpoint-telemetry.officeapps.live.com
7759,device-skynet-api.cloud.wyze.com
7760,tdms.apple.com
7761,google.co.th
7762,douyin.com
7763,gfwsl.geforce.com
7764,vid-io-iad.springserve.com
7766,image2v2.pubmnet.com
7767,us-api.mimecast.com
7768,zinfandel-monitoring.centrastage.net
7769,seed-mix-image.spotifycdn.com
7770,dr.yandex.net
7771,browser-intake-us5-datadoghq.com
7772,tracking.crazyegg.com
7773,us-d-master-hualaikeji.iotcplatform.com
7774,match.marketiq.com
